MOTIF_INDEX	MOTIF_SOURCE	MOTIF_ID	ALT_ID	CONSENSUS	WIDTH	SITES	E-VALUE	E-VALUE_SOURCE	MOST_SIMILAR_MOTIF_SOURCE	MOST_SIMILAR_MOTIF	URL
1	MEME	TYGAGGTYTTCGRATACGYYMTSGAYAAS	MEME-1	TYGAGGTYTTCGRATACGYYMTSGAYAAS	29	27	3.5e-054	MEME	JASPAR2022_CORE_fungi_non-redundant_pfms_meme.txt	MA0404.1 (MA0404.1.TBS1)	http://jaspar.genereg.net/matrix/MA0404.1
2	MEME	TYCATATCGMTTTCRGTGACTGCWTCGAG	MEME-4	TYCATATCGMTTTCRGTGACTGCWTCGAG	29	27	2.3e-053	MEME	 	 	 
3	MEME	GTTYATHCAYGATCCCHTSATCAAYYRGMS	MEME-13	GTTYATHCAYGATCCCHTSATCAAYYRGMS	30	27	2.2e-050	MEME	 	 	 
4	MEME	GAYKAYGACAAYCTBACYCTSATGCARAA	MEME-6	GAYKAYGACAAYCTBACYCTSATGCARAA	29	27	1.3e-049	MEME	JASPAR2022_CORE_fungi_non-redundant_pfms_meme.txt	MA0295.1 (MA0295.1.FHL1)	http://jaspar.genereg.net/matrix/MA0295.1
5	MEME	TGGCAYGARCTSTGGCABGAAGGYYTGGA	MEME-3	TGGCAYGARCTSTGGCABGAAGGYYTGGA	29	27	6.4e-049	MEME	JASPAR2022_CORE_fungi_non-redundant_pfms_meme.txt	MA0335.1 (MA0335.1.MET4)	http://jaspar.genereg.net/matrix/MA0335.1
6	MEME	GGAGAACHTMTGTCAGCAYTGSAWTGGAT	MEME-2	GGAGAACHTMTGTCAGCAYTGSAWTGGAT	29	27	2.2e-048	MEME	 	 	 
7	MEME	CAAGGATKCCSTYATGGCYGTYCTGGAAGC	MEME-15	CAAGGATKCCSTYATGGCYGTYCTGGAAGC	30	27	1.3e-046	MEME	JASPAR2022_CORE_fungi_non-redundant_pfms_meme.txt	MA0305.1 (MA0305.1.GCR2)	http://jaspar.genereg.net/matrix/MA0305.1
8	MEME	TTRACTCSCATGYTGACHTTCGCCATGGA	MEME-5	TTRACTCSCATGYTGACHTTCGCCATGGA	29	27	3.3e-046	MEME	JASPAR2022_CORE_fungi_non-redundant_pfms_meme.txt	MA0368.1 (MA0368.1.RIM101)	http://jaspar.genereg.net/matrix/MA0368.1
9	MEME	TYGAACRKCGBMYHATGCTGCAGATGGCG	MEME-12	TYGAACRKCGBMYHATGCTGCAGATGGCG	29	27	1.0e-045	MEME	JASPAR2022_CORE_fungi_non-redundant_pfms_meme.txt	MA0355.1 (MA0355.1.PHD1)	http://jaspar.genereg.net/matrix/MA0355.1
10	MEME	GCTAYWTTCTGGGYCTGGGTGACCGWCAYC	MEME-14	GCTAYWTTCTGGGYCTGGGTGACCGWCAYC	30	27	3.4e-045	MEME	 	 	 
11	MEME	AYATGTGGATCAAATTTGCCAACCTCTGC	MEME-7	AYATGTGGATCAAATTTGCCAACCTCTGC	29	27	1.0e-044	MEME	 	 	 
12	MEME	GCCTGGCAYDCSTGGGCKYTGGCCAACTT	MEME-10	GCCTGGCAYDCSTGGGCKYTGGCCAACTT	29	27	8.3e-044	MEME	 	 	 
13	MEME	CATYATGRAYAKTRTGCGDCAGCACAGYG	MEME-8	CATYATGRAYAKTRTGCGDCAGCACAGYG	29	27	4.0e-043	MEME	 	 	 
14	MEME	GAYCTCAACMAAGCTTGGGATYTHTACTA	MEME-20	GAYCTCAACMAAGCTTGGGATYTHTACTA	29	27	4.6e-042	MEME	 	 	 
15	MEME	GGHGAYCAYDAYRTRGAGGGCATGTTTGC	MEME-9	GGHGAYCAYDAYRTRGAGGGCATGTTTGC	29	27	5.1e-041	MEME	JASPAR2022_CORE_fungi_non-redundant_pfms_meme.txt	MA0406.1 (MA0406.1.TEC1)	http://jaspar.genereg.net/matrix/MA0406.1
16	MEME	RGATSTGTWYCRHGWTCTGTGGCWCAARA	MEME-11	RGATSTGTWYCRHGWTCTGTGGCWCAARA	29	27	9.3e-041	MEME	JASPAR2022_CORE_fungi_non-redundant_pfms_meme.txt	MA0332.1 (MA0332.1.MET28)	http://jaspar.genereg.net/matrix/MA0332.1
17	MEME	YGATCRDGTSGACAARCTKCTCGCVCARGC	MEME-16	YGATCRDGTSGACAARCTKCTCGCVCARGC	30	27	3.5e-040	MEME	 	 	 
18	MEME	TKCAGGTGSTTGCTCGGGTCAWGGAGAAGC	MEME-18	TKCAGGTGSTTGCTCGGGTCAWGGAGAAGC	30	27	4.9e-040	MEME	 	 	 
19	MEME	CSTACCAGAGTGGSARACCRATCATBMGGA	MEME-17	CSTACCAGAGTGGSARACCRATCATBMGGA	30	27	1.5e-037	MEME	 	 	 
20	MEME	GGTCTKMTGGGMTGGGTCBVCAACAGYGA	MEME-19	GGTCTKMTGGGMTGGGTCBVCAACAGYGA	29	27	4.2e-034	MEME	 	 	 
21	STREME	1-AGTTCATTCACGA	STREME-1	AGTTCATTCACGA	13	24	2.1e-012	STREME	 	 	 
22	STREME	2-ACTACGACTA	STREME-2	ACTACGACTA	10	24	5.5e-010	STREME	 	 	 
23	STREME	3-CGAAGCAGTCACCGAA	STREME-3	CGAAGCAGTCACCGAA	16	22	2.0e-009	STREME	 	 	 
24	STREME	4-CTGCATGACWCKCTCRTC	STREME-4	CTGCATGACWCKCTCRTC	18	20	2.8e-009	STREME	 	 	 
25	STREME	5-ATCAACAACCAGCTC	STREME-5	ATCAACAACCAGCTC	15	21	1.0e-008	STREME	JASPAR2022_CORE_fungi_non-redundant_pfms_meme.txt	MA0317.1 (MA0317.1.HCM1)	http://jaspar.genereg.net/matrix/MA0317.1
26	JASPAR2022_CORE_fungi_non-redundant_pfms_meme.txt	MA0265.2	MA0265.2.ABF1	WHWTCGTRTAWAGTGAYAND	20	27	1.5e-003	CENTRIMO	 	 	http://jaspar.genereg.net/matrix/MA0265.2

# MEME-ChIP (Motif Analysis of Large Nucleotide Datasets): Version 5.4.1 released on Sat Aug 21 19:23:23 2021 -0700
# The format of this file is described at https://meme-suite.org/meme//doc/meme-chip-output-format.html
# meme-chip regulatory_regions.fasta -db JASPAR2022_CORE_fungi_non-redundant_pfms_meme.txt -minw 8 -maxw 30 -oc meme_output -dna -meme-nmotifs 20 --ccut 0 -meme-p 4 -meme-mod oops
