motif_ID	motif_ALT_ID	motif_Score	seq_ID	seq_Score	seq_Class	is_holdout?
1-AGTTCATTCACGA	STREME-1	2.1e-012	Aspergillus_fischeri_NRRL_181_XP_001260509.1_NW_001509762.1:c3991834-3985834	23.10	tp	0
1-AGTTCATTCACGA	STREME-1	2.1e-012	Aspergillus_pseudoviridinutans_XP_043159434.1_NW_025091285.1:c1582669-1576669	23.10	tp	0
1-AGTTCATTCACGA	STREME-1	2.1e-012	Aspergillus_fumigatus_Af293_XP_755360.1_NC_007195.1:c2627271-2621271	23.10	tp	0
1-AGTTCATTCACGA	STREME-1	2.1e-012	Aspergillus_novofumigatus_IBT_16806_XP_024687432.1_NW_020194274.1:c2764962-2758962	23.10	tp	0
1-AGTTCATTCACGA	STREME-1	2.1e-012	Aspergillus_udagawae_XP_043142437.1_NW_025091264.1:c3105621-3099621	23.10	tp	0
1-AGTTCATTCACGA	STREME-1	2.1e-012	Aspergillus_lentulus_XP_033412608.1_NW_022983875.1:c565987-559987	23.10	tp	0
1-AGTTCATTCACGA	STREME-1	2.1e-012	Neurospora_crassa_OR74A_XP_960570.2_NC_026506.1:c1344783-1338783	23.10	tp	0
1-AGTTCATTCACGA	STREME-1	2.1e-012	Amorphotheca_resinae_ATCC_22711_XP_024719697.1_NW_020194478.1:c1034777-1028777	20.78	tp	0
1-AGTTCATTCACGA	STREME-1	2.1e-012	Fusarium_coffeatum_XP_031016261.1_NW_022157912.1:c110461-104461	18.79	tp	0
1-AGTTCATTCACGA	STREME-1	2.1e-012	Neurospora_crassa_OR74A_XP_958289.2_NC_026505.1:c1595417-1589417	18.63	tp	0
1-AGTTCATTCACGA	STREME-1	2.1e-012	Drechmeria_coniospora_XP_040655901.1_NC_054390.1:c995647-989647	17.25	tp	0
1-AGTTCATTCACGA	STREME-1	2.1e-012	Acaromyces_ingoldii_XP_025379417.1_NW_020290248.1:2877709-2883709	16.65	tp	0
1-AGTTCATTCACGA	STREME-1	2.1e-012	Ceraceosorus_guamensis_XP_025370199.1_NW_020290018.1:14954-20954	16.65	tp	0
1-AGTTCATTCACGA	STREME-1	2.1e-012	Coprinopsis_cinerea_okayama7#130_XP_001831347.2_NW_003307538.1:1353948-1359948	16.07	tp	0
1-AGTTCATTCACGA	STREME-1	2.1e-012	Aspergillus_nidulans_FGSC_A4_XP_663586.1_NT_107009.1:605377-611377	15.49	tp	0
1-AGTTCATTCACGA	STREME-1	2.1e-012	Aspergillus_ruber_CBS_135680_XP_040634151.1_NW_024467345.1:c80019-74019	15.37	tp	0
1-AGTTCATTCACGA	STREME-1	2.1e-012	Dichomitus_squalens_LYAD-421_SS1_XP_007363197.1_NW_006766887.1:1328322-1334322	14.58	tp	0
1-AGTTCATTCACGA	STREME-1	2.1e-012	Aspergillus_versicolor_CBS_583.65_XP_040666988.1_NW_024467527.1:622272-628272	14.40	tp	0
1-AGTTCATTCACGA	STREME-1	2.1e-012	Blastomyces_gilchristii_SLH14081_XP_031579958.1_NW_003101666.1:c699245-693245	14.36	tp	0
1-AGTTCATTCACGA	STREME-1	2.1e-012	Puccinia_graminis_f._sp._tritici_CRL_75-36-700-3_XP_003321789.2_NW_003526554.1:1431501-1437501	13.92	tp	0
1-AGTTCATTCACGA	STREME-1	2.1e-012	Neurospora_crassa_OR74A_XP_960307.2_NC_026506.1:c67566-61566	13.89	tp	0
1-AGTTCATTCACGA	STREME-1	2.1e-012	Aspergillus_viridinutans_XP_043121874.1_NW_025091217.1:2644976-2650976	13.44	tp	0
1-AGTTCATTCACGA	STREME-1	2.1e-012	Aspergillus_thermomutatus_XP_026617391.1_NW_020798072.1:125914-131914	13.44	tp	0
1-AGTTCATTCACGA	STREME-1	2.1e-012	Batrachochytrium_dendrobatidis_JAM81_XP_006680416.1_NW_006281107.1:709698-715698	13.38	tp	0
#
2-ACTACGACTA	STREME-2	5.5e-010	Aspergillus_saccharolyticus_JOP_1030-1_XP_025433557.1_NW_020290617.1:760713-766713	19.99	tp	0
2-ACTACGACTA	STREME-2	5.5e-010	Neurospora_crassa_OR74A_XP_958289.2_NC_026505.1:c1595417-1589417	18.51	tp	0
2-ACTACGACTA	STREME-2	5.5e-010	Aspergillus_fischeri_NRRL_181_XP_001260509.1_NW_001509762.1:c3991834-3985834	17.26	tp	0
2-ACTACGACTA	STREME-2	5.5e-010	Aspergillus_pseudoviridinutans_XP_043159434.1_NW_025091285.1:c1582669-1576669	17.26	tp	0
2-ACTACGACTA	STREME-2	5.5e-010	Aspergillus_udagawae_XP_043142437.1_NW_025091264.1:c3105621-3099621	17.26	tp	0
2-ACTACGACTA	STREME-2	5.5e-010	Aspergillus_ruber_CBS_135680_XP_040634151.1_NW_024467345.1:c80019-74019	16.73	tp	0
2-ACTACGACTA	STREME-2	5.5e-010	Fusarium_coffeatum_XP_031016261.1_NW_022157912.1:c110461-104461	16.73	tp	0
2-ACTACGACTA	STREME-2	5.5e-010	Neurospora_crassa_OR74A_XP_960570.2_NC_026506.1:c1344783-1338783	16.73	tp	0
2-ACTACGACTA	STREME-2	5.5e-010	Drechmeria_coniospora_XP_040655901.1_NC_054390.1:c995647-989647	16.73	tp	0
2-ACTACGACTA	STREME-2	5.5e-010	Aspergillus_nidulans_FGSC_A4_XP_663586.1_NT_107009.1:605377-611377	16.50	tp	0
2-ACTACGACTA	STREME-2	5.5e-010	Coniophora_puteana_RWD-64-598_SS2_XP_007770990.1_NW_006913061.1:c1826361-1820361	16.50	tp	0
2-ACTACGACTA	STREME-2	5.5e-010	Fibroporia_radiculosa_XP_012179871.1_NW_012133290.1:c11258-5258	16.50	tp	0
2-ACTACGACTA	STREME-2	5.5e-010	Puccinia_graminis_f._sp._tritici_CRL_75-36-700-3_XP_003321789.2_NW_003526554.1:1431501-1437501	15.86	tp	0
2-ACTACGACTA	STREME-2	5.5e-010	Coprinopsis_cinerea_okayama7#130_XP_001831347.2_NW_003307538.1:1353948-1359948	15.64	tp	0
2-ACTACGACTA	STREME-2	5.5e-010	Batrachochytrium_dendrobatidis_JAM81_XP_006680416.1_NW_006281107.1:709698-715698	14.95	tp	0
2-ACTACGACTA	STREME-2	5.5e-010	Aspergillus_thermomutatus_XP_026617391.1_NW_020798072.1:125914-131914	13.95	tp	0
2-ACTACGACTA	STREME-2	5.5e-010	Aspergillus_versicolor_CBS_583.65_XP_040666988.1_NW_024467527.1:622272-628272	13.68	tp	0
2-ACTACGACTA	STREME-2	5.5e-010	Aspergillus_viridinutans_XP_043121874.1_NW_025091217.1:2644976-2650976	13.51	tp	0
2-ACTACGACTA	STREME-2	5.5e-010	Dichomitus_squalens_LYAD-421_SS1_XP_007363197.1_NW_006766887.1:1328322-1334322	13.42	tp	0
2-ACTACGACTA	STREME-2	5.5e-010	Amorphotheca_resinae_ATCC_22711_XP_024719697.1_NW_020194478.1:c1034777-1028777	13.14	fp	0
2-ACTACGACTA	STREME-2	5.5e-010	Amorphotheca_resinae_ATCC_22711_XP_024719697.1_NW_020194478.1:c1034777-1028777	13.08	tp	0
2-ACTACGACTA	STREME-2	5.5e-010	Neurospora_crassa_OR74A_XP_960307.2_NC_026506.1:c67566-61566	12.60	tp	0
2-ACTACGACTA	STREME-2	5.5e-010	Aspergillus_ruber_CBS_135680_XP_040634151.1_NW_024467345.1:c80019-74019	12.60	fp	0
2-ACTACGACTA	STREME-2	5.5e-010	Aspergillus_fumigatus_Af293_XP_755360.1_NC_007195.1:c2627271-2621271	12.27	tp	0
2-ACTACGACTA	STREME-2	5.5e-010	Aspergillus_novofumigatus_IBT_16806_XP_024687432.1_NW_020194274.1:c2764962-2758962	12.27	tp	0
2-ACTACGACTA	STREME-2	5.5e-010	Aspergillus_lentulus_XP_033412608.1_NW_022983875.1:c565987-559987	12.27	tp	0
#
3-CGAAGCAGTCACCGAA	STREME-3	2.0e-009	Aspergillus_fischeri_NRRL_181_XP_001260509.1_NW_001509762.1:c3991834-3985834	27.50	tp	0
3-CGAAGCAGTCACCGAA	STREME-3	2.0e-009	Aspergillus_pseudoviridinutans_XP_043159434.1_NW_025091285.1:c1582669-1576669	27.50	tp	0
3-CGAAGCAGTCACCGAA	STREME-3	2.0e-009	Aspergillus_fumigatus_Af293_XP_755360.1_NC_007195.1:c2627271-2621271	27.50	tp	0
3-CGAAGCAGTCACCGAA	STREME-3	2.0e-009	Aspergillus_novofumigatus_IBT_16806_XP_024687432.1_NW_020194274.1:c2764962-2758962	27.50	tp	0
3-CGAAGCAGTCACCGAA	STREME-3	2.0e-009	Aspergillus_udagawae_XP_043142437.1_NW_025091264.1:c3105621-3099621	27.50	tp	0
3-CGAAGCAGTCACCGAA	STREME-3	2.0e-009	Aspergillus_lentulus_XP_033412608.1_NW_022983875.1:c565987-559987	27.50	tp	0
3-CGAAGCAGTCACCGAA	STREME-3	2.0e-009	Neurospora_crassa_OR74A_XP_960570.2_NC_026506.1:c1344783-1338783	27.50	tp	0
3-CGAAGCAGTCACCGAA	STREME-3	2.0e-009	Amorphotheca_resinae_ATCC_22711_XP_024719697.1_NW_020194478.1:c1034777-1028777	24.28	tp	0
3-CGAAGCAGTCACCGAA	STREME-3	2.0e-009	Fusarium_coffeatum_XP_031016261.1_NW_022157912.1:c110461-104461	24.11	tp	0
3-CGAAGCAGTCACCGAA	STREME-3	2.0e-009	Drechmeria_coniospora_XP_040655901.1_NC_054390.1:c995647-989647	23.82	tp	0
3-CGAAGCAGTCACCGAA	STREME-3	2.0e-009	Aspergillus_ruber_CBS_135680_XP_040634151.1_NW_024467345.1:c80019-74019	23.04	tp	0
3-CGAAGCAGTCACCGAA	STREME-3	2.0e-009	Fibroporia_radiculosa_XP_012179871.1_NW_012133290.1:c11258-5258	22.60	tp	0
3-CGAAGCAGTCACCGAA	STREME-3	2.0e-009	Coniophora_puteana_RWD-64-598_SS2_XP_007770990.1_NW_006913061.1:c1826361-1820361	21.34	tp	0
3-CGAAGCAGTCACCGAA	STREME-3	2.0e-009	Neurospora_crassa_OR74A_XP_958289.2_NC_026505.1:c1595417-1589417	20.06	tp	0
3-CGAAGCAGTCACCGAA	STREME-3	2.0e-009	Ceraceosorus_guamensis_XP_025370199.1_NW_020290018.1:14954-20954	19.34	tp	0
3-CGAAGCAGTCACCGAA	STREME-3	2.0e-009	Aspergillus_versicolor_CBS_583.65_XP_040666988.1_NW_024467527.1:622272-628272	17.48	tp	0
3-CGAAGCAGTCACCGAA	STREME-3	2.0e-009	Aspergillus_viridinutans_XP_043121874.1_NW_025091217.1:2644976-2650976	15.78	tp	0
3-CGAAGCAGTCACCGAA	STREME-3	2.0e-009	Aspergillus_thermomutatus_XP_026617391.1_NW_020798072.1:125914-131914	15.78	tp	0
3-CGAAGCAGTCACCGAA	STREME-3	2.0e-009	Amorphotheca_resinae_ATCC_22711_XP_024719697.1_NW_020194478.1:c1034777-1028777	14.83	fp	0
3-CGAAGCAGTCACCGAA	STREME-3	2.0e-009	Aspergillus_nidulans_FGSC_A4_XP_663586.1_NT_107009.1:605377-611377	14.15	tp	0
3-CGAAGCAGTCACCGAA	STREME-3	2.0e-009	Aspergillus_saccharolyticus_JOP_1030-1_XP_025433557.1_NW_020290617.1:760713-766713	13.95	tp	0
3-CGAAGCAGTCACCGAA	STREME-3	2.0e-009	Coprinopsis_cinerea_okayama7#130_XP_001831347.2_NW_003307538.1:1353948-1359948	13.76	tp	0
3-CGAAGCAGTCACCGAA	STREME-3	2.0e-009	Batrachochytrium_dendrobatidis_JAM81_XP_006680416.1_NW_006281107.1:709698-715698	12.24	tp	0
#
4-CTGCATGACWCKCTCRTC	STREME-4	2.8e-009	Aspergillus_ruber_CBS_135680_XP_040634151.1_NW_024467345.1:c80019-74019	28.98	tp	0
4-CTGCATGACWCKCTCRTC	STREME-4	2.8e-009	Aspergillus_fumigatus_Af293_XP_755360.1_NC_007195.1:c2627271-2621271	28.69	tp	0
4-CTGCATGACWCKCTCRTC	STREME-4	2.8e-009	Neurospora_crassa_OR74A_XP_960570.2_NC_026506.1:c1344783-1338783	28.36	tp	0
4-CTGCATGACWCKCTCRTC	STREME-4	2.8e-009	Aspergillus_fischeri_NRRL_181_XP_001260509.1_NW_001509762.1:c3991834-3985834	28.27	tp	0
4-CTGCATGACWCKCTCRTC	STREME-4	2.8e-009	Aspergillus_pseudoviridinutans_XP_043159434.1_NW_025091285.1:c1582669-1576669	28.27	tp	0
4-CTGCATGACWCKCTCRTC	STREME-4	2.8e-009	Aspergillus_novofumigatus_IBT_16806_XP_024687432.1_NW_020194274.1:c2764962-2758962	28.27	tp	0
4-CTGCATGACWCKCTCRTC	STREME-4	2.8e-009	Aspergillus_udagawae_XP_043142437.1_NW_025091264.1:c3105621-3099621	28.27	tp	0
4-CTGCATGACWCKCTCRTC	STREME-4	2.8e-009	Aspergillus_lentulus_XP_033412608.1_NW_022983875.1:c565987-559987	28.27	tp	0
4-CTGCATGACWCKCTCRTC	STREME-4	2.8e-009	Amorphotheca_resinae_ATCC_22711_XP_024719697.1_NW_020194478.1:c1034777-1028777	27.63	tp	0
4-CTGCATGACWCKCTCRTC	STREME-4	2.8e-009	Drechmeria_coniospora_XP_040655901.1_NC_054390.1:c995647-989647	27.22	tp	0
4-CTGCATGACWCKCTCRTC	STREME-4	2.8e-009	Fibroporia_radiculosa_XP_012179871.1_NW_012133290.1:c11258-5258	25.96	tp	0
4-CTGCATGACWCKCTCRTC	STREME-4	2.8e-009	Coniophora_puteana_RWD-64-598_SS2_XP_007770990.1_NW_006913061.1:c1826361-1820361	24.77	tp	0
4-CTGCATGACWCKCTCRTC	STREME-4	2.8e-009	Fusarium_coffeatum_XP_031016261.1_NW_022157912.1:c110461-104461	21.90	tp	0
4-CTGCATGACWCKCTCRTC	STREME-4	2.8e-009	Aspergillus_versicolor_CBS_583.65_XP_040666988.1_NW_024467527.1:622272-628272	21.03	tp	0
4-CTGCATGACWCKCTCRTC	STREME-4	2.8e-009	Aspergillus_saccharolyticus_JOP_1030-1_XP_025433557.1_NW_020290617.1:760713-766713	20.23	tp	0
4-CTGCATGACWCKCTCRTC	STREME-4	2.8e-009	Coprinopsis_cinerea_okayama7#130_XP_001831347.2_NW_003307538.1:1353948-1359948	19.54	tp	0
4-CTGCATGACWCKCTCRTC	STREME-4	2.8e-009	Aspergillus_viridinutans_XP_043121874.1_NW_025091217.1:2644976-2650976	17.34	tp	0
4-CTGCATGACWCKCTCRTC	STREME-4	2.8e-009	Aspergillus_nidulans_FGSC_A4_XP_663586.1_NT_107009.1:605377-611377	16.24	tp	0
4-CTGCATGACWCKCTCRTC	STREME-4	2.8e-009	Blastomyces_gilchristii_SLH14081_XP_031579958.1_NW_003101666.1:c699245-693245	15.89	tp	0
4-CTGCATGACWCKCTCRTC	STREME-4	2.8e-009	Aspergillus_thermomutatus_XP_026617391.1_NW_020798072.1:125914-131914	15.67	tp	0
#
5-ATCAACAACCAGCTC	STREME-5	1.0e-008	Aspergillus_fischeri_NRRL_181_XP_001260509.1_NW_001509762.1:c3991834-3985834	24.55	tp	0
5-ATCAACAACCAGCTC	STREME-5	1.0e-008	Aspergillus_pseudoviridinutans_XP_043159434.1_NW_025091285.1:c1582669-1576669	24.55	tp	0
5-ATCAACAACCAGCTC	STREME-5	1.0e-008	Aspergillus_fumigatus_Af293_XP_755360.1_NC_007195.1:c2627271-2621271	24.55	tp	0
5-ATCAACAACCAGCTC	STREME-5	1.0e-008	Aspergillus_novofumigatus_IBT_16806_XP_024687432.1_NW_020194274.1:c2764962-2758962	24.55	tp	0
5-ATCAACAACCAGCTC	STREME-5	1.0e-008	Aspergillus_udagawae_XP_043142437.1_NW_025091264.1:c3105621-3099621	24.55	tp	0
5-ATCAACAACCAGCTC	STREME-5	1.0e-008	Aspergillus_lentulus_XP_033412608.1_NW_022983875.1:c565987-559987	24.55	tp	0
5-ATCAACAACCAGCTC	STREME-5	1.0e-008	Blastomyces_gilchristii_SLH14081_XP_031579958.1_NW_003101666.1:c699245-693245	22.00	tp	0
5-ATCAACAACCAGCTC	STREME-5	1.0e-008	Coniophora_puteana_RWD-64-598_SS2_XP_007770990.1_NW_006913061.1:c1826361-1820361	21.18	tp	0
5-ATCAACAACCAGCTC	STREME-5	1.0e-008	Fibroporia_radiculosa_XP_012179871.1_NW_012133290.1:c11258-5258	20.98	tp	0
5-ATCAACAACCAGCTC	STREME-5	1.0e-008	Aspergillus_ruber_CBS_135680_XP_040634151.1_NW_024467345.1:c80019-74019	20.91	tp	0
5-ATCAACAACCAGCTC	STREME-5	1.0e-008	Coniophora_puteana_RWD-64-598_SS2_XP_007770990.1_NW_006913061.1:c1826361-1820361	20.29	fp	0
5-ATCAACAACCAGCTC	STREME-5	1.0e-008	Neurospora_crassa_OR74A_XP_960307.2_NC_026506.1:c67566-61566	19.63	tp	0
5-ATCAACAACCAGCTC	STREME-5	1.0e-008	Acaromyces_ingoldii_XP_025379417.1_NW_020290248.1:2877709-2883709	19.22	tp	0
5-ATCAACAACCAGCTC	STREME-5	1.0e-008	Amorphotheca_resinae_ATCC_22711_XP_024719697.1_NW_020194478.1:c1034777-1028777	18.81	tp	0
5-ATCAACAACCAGCTC	STREME-5	1.0e-008	Neurospora_crassa_OR74A_XP_958289.2_NC_026505.1:c1595417-1589417	16.90	tp	0
5-ATCAACAACCAGCTC	STREME-5	1.0e-008	Drechmeria_coniospora_XP_040655901.1_NC_054390.1:c995647-989647	16.86	tp	0
5-ATCAACAACCAGCTC	STREME-5	1.0e-008	Neurospora_crassa_OR74A_XP_960570.2_NC_026506.1:c1344783-1338783	15.88	tp	0
5-ATCAACAACCAGCTC	STREME-5	1.0e-008	Coprinopsis_cinerea_okayama7#130_XP_001831347.2_NW_003307538.1:1353948-1359948	15.45	tp	0
5-ATCAACAACCAGCTC	STREME-5	1.0e-008	Puccinia_graminis_f._sp._tritici_CRL_75-36-700-3_XP_003321789.2_NW_003526554.1:1431501-1437501	15.27	tp	0
5-ATCAACAACCAGCTC	STREME-5	1.0e-008	Batrachochytrium_dendrobatidis_JAM81_XP_006680416.1_NW_006281107.1:709698-715698	14.79	tp	0
5-ATCAACAACCAGCTC	STREME-5	1.0e-008	Aspergillus_saccharolyticus_JOP_1030-1_XP_025433557.1_NW_020290617.1:760713-766713	14.44	tp	0
5-ATCAACAACCAGCTC	STREME-5	1.0e-008	Ceraceosorus_guamensis_XP_025370199.1_NW_020290018.1:14954-20954	14.08	tp	0
