motif_id	motif_alt_id	sequence_name	start	stop	strand	score	p-value	q-value	matched_sequence
2-ACTACGACTA	STREME-2	Aspergillus_saccharolyticus_JOP_1030-1_XP_025433557.1_NW_020290617.1	763517	763526	+	18	9.27e-07	0.119	ACTACGACTA
2-ACTACGACTA	STREME-2	Neurospora_crassa_OR74A_XP_960570.2_NC_026506.1	1720	1729	+	16.0631	1.85e-06	0.119	ACTACGACAA
2-ACTACGACTA	STREME-2	Drechmeria_coniospora_XP_040655901.1_NC_054390.1	2057	2066	+	16.0631	1.85e-06	0.119	ACTACGACAA
2-ACTACGACTA	STREME-2	Fusarium_coffeatum_XP_031016261.1_NW_022157912.1	2080	2089	+	16.0631	1.85e-06	0.119	ACTACGACAA
2-ACTACGACTA	STREME-2	Aspergillus_ruber_CBS_135680_XP_040634151.1_NW_024467345.1	2119	2128	+	16.0631	1.85e-06	0.119	ACTACGACAA
2-ACTACGACTA	STREME-2	Neurospora_crassa_OR74A_XP_958289.2_NC_026505.1	3537	3546	+	15.7027	2.76e-06	0.125	ACTACTACTA
2-ACTACGACTA	STREME-2	Aspergillus_fischeri_NRRL_181_XP_001260509.1_NW_001509762.1	5078	5087	-	15.6757	3.71e-06	0.125	GCTACGACTA
2-ACTACGACTA	STREME-2	Aspergillus_pseudoviridinutans_XP_043159434.1_NW_025091285.1	5092	5101	-	15.6757	3.71e-06	0.125	GCTACGACTA
2-ACTACGACTA	STREME-2	Aspergillus_udagawae_XP_043142437.1_NW_025091264.1	5093	5102	-	15.6757	3.71e-06	0.125	GCTACGACTA
2-ACTACGACTA	STREME-2	Coniophora_puteana_RWD-64-598_SS2_XP_007770990.1_NW_006913061.1	107	116	+	15.5856	4.66e-06	0.125	ACTACGACTC
2-ACTACGACTA	STREME-2	Fibroporia_radiculosa_XP_012179871.1_NW_012133290.1	224	233	+	15.5856	4.66e-06	0.125	ACTACGACTC
2-ACTACGACTA	STREME-2	Aspergillus_nidulans_FGSC_A4_XP_663586.1_NT_107009.1	606911	606920	-	15.5856	4.66e-06	0.125	ACTACGACTC
2-ACTACGACTA	STREME-2	Puccinia_graminis_f._sp._tritici_CRL_75-36-700-3_XP_003321789.2_NW_003526554.1	1433708	1433717	-	14.1712	6.49e-06	0.159	ACTACAACTA
2-ACTACGACTA	STREME-2	Aspergillus_saccharolyticus_JOP_1030-1_XP_025433557.1_NW_020290617.1	762838	762847	+	14.1622	7.42e-06	0.159	TCTACGACTA
2-ACTACGACTA	STREME-2	Coprinopsis_cinerea_okayama7#130_XP_001831347.2_NW_003307538.1	1355450	1355459	+	14.1622	7.42e-06	0.159	TCTACGACTA
2-ACTACGACTA	STREME-2	Batrachochytrium_dendrobatidis_JAM81_XP_006680416.1_NW_006281107.1	711593	711602	-	13.7658	1.4e-05	0.28	ACTCCGACTA
2-ACTACGACTA	STREME-2	Neurospora_crassa_OR74A_XP_960570.2_NC_026506.1	406	415	+	12.2342	2.34e-05	0.375	ACTACAACAA
2-ACTACGACTA	STREME-2	Neurospora_crassa_OR74A_XP_960307.2_NC_026506.1	4935	4944	-	12.2342	2.34e-05	0.375	ACTACAACAA
2-ACTACGACTA	STREME-2	Puccinia_graminis_f._sp._tritici_CRL_75-36-700-3_XP_003321789.2_NW_003526554.1	1433978	1433987	-	12.2342	2.34e-05	0.375	ACTACAACAA
2-ACTACGACTA	STREME-2	Aspergillus_viridinutans_XP_043121874.1_NW_025091217.1	2647701	2647710	-	12.2342	2.34e-05	0.375	ACTACAACAA
2-ACTACGACTA	STREME-2	Neurospora_crassa_OR74A_XP_960570.2_NC_026506.1	3489	3498	-	11.8288	3.18e-05	0.461	ACGACGACAA
2-ACTACGACTA	STREME-2	Aspergillus_nidulans_FGSC_A4_XP_663586.1_NT_107009.1	608150	608159	-	11.8108	3.37e-05	0.461	CCTACTACTA
2-ACTACGACTA	STREME-2	Coniophora_puteana_RWD-64-598_SS2_XP_007770990.1_NW_006913061.1	5647	5656	+	11.7207	3.74e-05	0.461	ACTACCACTC
2-ACTACGACTA	STREME-2	Aspergillus_viridinutans_XP_043121874.1_NW_025091217.1	2647857	2647866	+	11.7207	3.74e-05	0.461	ACTACTACTG
2-ACTACGACTA	STREME-2	Aspergillus_fumigatus_Af293_XP_755360.1_NC_007195.1	5074	5083	-	11.6937	3.94e-05	0.461	GCTACGACTG
2-ACTACGACTA	STREME-2	Aspergillus_lentulus_XP_033412608.1_NW_022983875.1	5077	5086	-	11.6937	3.94e-05	0.461	GCTACGACTG
2-ACTACGACTA	STREME-2	Aspergillus_novofumigatus_IBT_16806_XP_024687432.1_NW_020194274.1	5104	5113	-	11.6937	3.94e-05	0.461	GCTACGACTG
2-ACTACGACTA	STREME-2	Aspergillus_thermomutatus_XP_026617391.1_NW_020798072.1	127546	127555	+	11.6667	4.03e-05	0.461	ACTAGAACTA
2-ACTACGACTA	STREME-2	Aspergillus_thermomutatus_XP_026617391.1_NW_020798072.1	130043	130052	+	11.6306	4.21e-05	0.461	ACTAGCACTA
2-ACTACGACTA	STREME-2	Aspergillus_versicolor_CBS_583.65_XP_040666988.1_NW_024467527.1	624842	624851	-	11.6036	4.31e-05	0.461	CCTAGGACTA
2-ACTACGACTA	STREME-2	Dichomitus_squalens_LYAD-421_SS1_XP_007363197.1_NW_006766887.1	1334309	1334318	+	11.4685	4.78e-05	0.494	ACGACTACTA
2-ACTACGACTA	STREME-2	Neurospora_crassa_OR74A_XP_960570.2_NC_026506.1	388	397	+	11.4414	5.06e-05	0.501	GCTACTACAA
2-ACTACGACTA	STREME-2	Fibroporia_radiculosa_XP_012179871.1_NW_012133290.1	4076	4085	+	11.3964	5.16e-05	0.501	AGTACGACTC
2-ACTACGACTA	STREME-2	Amorphotheca_resinae_ATCC_22711_XP_024719697.1_NW_020194478.1	3785	3794	+	11.3063	5.64e-05	0.532	AGTAGGACTA
2-ACTACGACTA	STREME-2	Dichomitus_squalens_LYAD-421_SS1_XP_007363197.1_NW_006766887.1	1331726	1331735	+	10.3333	6.58e-05	0.586	TCTACAACTA
2-ACTACGACTA	STREME-2	Coprinopsis_cinerea_okayama7#130_XP_001831347.2_NW_003307538.1	1357363	1357372	+	10.3333	6.58e-05	0.586	TCTACAACTA
2-ACTACGACTA	STREME-2	Blastomyces_gilchristii_SLH14081_XP_031579958.1_NW_003101666.1	3435	3444	+	9.92793	7.98e-05	0.674	TCGACGACTA
2-ACTACGACTA	STREME-2	Acaromyces_ingoldii_XP_025379417.1_NW_020290248.1	2879548	2879557	-	9.92793	7.98e-05	0.674	TCGACGACTA
2-ACTACGACTA	STREME-2	Batrachochytrium_dendrobatidis_JAM81_XP_006680416.1_NW_006281107.1	714823	714832	-	9.83784	8.94e-05	0.735	ACTACGACCA

# FIMO (Find Individual Motif Occurrences): Version 5.4.1 compiled on Dec 30 2021 at 18:23:33
# The format of this file is described at https://meme-suite.org/meme/doc/fimo-output-format.html.
# fimo --parse-genomic-coord --verbosity 1 --oc meme_output/fimo_out_18 --bgfile meme_output/background --motif 2-ACTACGACTA meme_output/streme_out/streme.xml meme_output/regulatory_regions.fasta
